[[{"__type__":"cc.SceneAsset","_name":"Intro","scene":{"__id__":1},"asyncLoadAssets":false},{"__type__":"cc.Scene","_name":"New Node","_children":[{"__id__":2},{"__id__":3}],"_anchorPoint":{"__type__":"cc.Vec2"},"autoReleaseAssets":false},{"__type__":"cc.Node","_name":"Canvas","_parent":{"__id__":1},"_components":[{"__type__":"cc.Canvas","node":{"__id__":2},"_designResolution":{"__type__":"cc.Size","width":1000,"height":562}}],"_id":"6erpSUOHhDupIf9QNJ7AmM","_contentSize":{"__type__":"cc.Size","width":1000,"height":562},"_position":{"__type__":"cc.Vec2","x":500,"y":281}},{"__type__":"cc.Node","_name":"LogoAlura","_parent":{"__id__":1},"_components":[{"__type__":"cc.Sprite","node":{"__id__":3},"_spriteFrame":{"__uuid__":"e2fHfU03VFW6vWQso2km+A"}},{"__type__":"cc.Animation","node":{"__id__":3},"_defaultClip":{"__uuid__":"ed1bMx235MzZpOqyzgyqnF"},"_clips":[{"__uuid__":"ed1bMx235MzZpOqyzgyqnF"}],"playOnLoad":true},{"__type__":"d4eaalTt1JKWKkD2rsukMew","node":{"__id__":3}}],"_id":"89y4v5zLVAxJ4KE84k54m5","_contentSize":{"__type__":"cc.Size","width":579,"height":268},"_position":{"__type__":"cc.Vec2","x":492,"y":295}}],{"__type__":"cc.SpriteFrame","content":{"name":"LogoAlura","texture":"beEevCQO5OzJZwmkt53z7+","rect":[11,5,579,268],"offset":[0.5,-0.5],"originalSize":[600,277]}},{"__type__":"cc.AnimationClip","_name":"LogoAparecendo","_duration":0.5,"curveData":{"props":{"opacity":[{"frame":0,"value":0},{"frame":0.5,"value":255}]}},"events":[{"frame":0.5,"func":"carregarCenaComAnimacao","params":["Jogo"]}]}]